﻿<?xml version="1.0" encoding="utf-8"?>
<doc>
  <assembly>
    <name>Microsoft.Owin.Host.SystemWeb</name>
  </assembly>
  <members>
    <member name="T:Microsoft.Owin.Host.SystemWeb.OwinHttpHandler">
      <summary>System.Web isteklerini OWIN istekleri olarak işler.</summary>
    </member>
    <member name="M:Microsoft.Owin.Host.SystemWeb.OwinHttpHandler.#ctor">
      <summary>İstekleri varsayılan OWIN uygulamasını kullanarak işler.</summary>
    </member>
    <member name="M:Microsoft.Owin.Host.SystemWeb.OwinHttpHandler.BeginProcessRequest(System.Web.HttpContextBase,System.AsyncCallback,System.Object)">
      <summary>HTTP işleyicisine bir asenkron çağrı başlatır.</summary>
      <returns>İşlemin durumuyla ilgili bilgileri içeren bir System.IAsyncResult.</returns>
      <param name="httpContext">HTTP isteklerine hizmet vermek için kullanılan iç sunucu nesnelerine (örneğin, İstek, Yanıt, Oturum ve Sunucu) yönelik başvurular sağlayan bir System.Web.HttpContextBase nesnesi.</param>
      <param name="callback">Zaman uyumsuz yöntem çağrısı tamamlandığında çağrılacak System.AsyncCallback.Geri çağırma null ise temsilci çağrılmaz.</param>
      <param name="extraData">İsteği işlemek için gerekli tüm ek veriler.</param>
    </member>
    <member name="M:Microsoft.Owin.Host.SystemWeb.OwinHttpHandler.EndProcessRequest(System.IAsyncResult)">
      <summary>İşlem sona erdiğinde zaman uyumsuz bir işlem Bitiş yöntemi sağlar.</summary>
      <param name="result">İşlemin durumuyla ilgili bilgileri içeren bir System.IAsyncResult.</param>
    </member>
    <member name="P:Microsoft.Owin.Host.SystemWeb.OwinHttpHandler.IsReusable">
      <summary>Başka bir isteğin System.Web.IHttpHandler örneğini kullanıp kullanamayacağını gösteren bir değer alır.</summary>
      <returns>true.</returns>
    </member>
    <member name="M:Microsoft.Owin.Host.SystemWeb.OwinHttpHandler.System#Web#IHttpAsyncHandler#BeginProcessRequest(System.Web.HttpContext,System.AsyncCallback,System.Object)">
      <summary>HTTP işleyicisine bir asenkron çağrı başlatır.</summary>
      <returns>İşlemin durumuyla ilgili bilgileri içeren bir <see cref="T:System.IAsyncResult" />.</returns>
      <param name="context">HTTP isteklerine hizmet vermek için kullanılan iç sunucu nesnelerine (örneğin, İstek, Yanıt, Oturum ve Sunucu) yönelik başvurular sağlayan bir <see cref="T:System.Web.HttpContext" />nesnesi.</param>
      <param name="cb">Asenkron metot çağrısı tamamlandığında çağrılacak <see cref="T:System.AsyncCallback" />.Geri çağırma null ise temsilci çağrılmaz.</param>
      <param name="extraData">İsteği işlemek için gerekli tüm ek veriler.</param>
    </member>
    <member name="M:Microsoft.Owin.Host.SystemWeb.OwinHttpHandler.System#Web#IHttpHandler#ProcessRequest(System.Web.HttpContext)">
      <summary>HTTP işleyicisi için isteği işler.</summary>
      <param name="context">Bağlam.</param>
    </member>
    <member name="T:Microsoft.Owin.Host.SystemWeb.OwinRouteHandler">
      <summary>Bir OWIN ardışık düzeninden rotayı işler.</summary>
    </member>
    <member name="M:Microsoft.Owin.Host.SystemWeb.OwinRouteHandler.#ctor(System.Action{Owin.IAppBuilder})">
      <summary>Bir OwinRouteHandler başlatır</summary>
      <param name="startup">Rota için istekleri işleyen ardışık düzeni başlatan yöntem.</param>
    </member>
    <member name="M:Microsoft.Owin.Host.SystemWeb.OwinRouteHandler.GetHttpHandler(System.Web.Routing.RequestContext)">
      <summary>İsteği işleyen nesneyi sağlar.</summary>
      <returns>İsteği işleyen bir nesne.</returns>
      <param name="requestContext">İstekle ilgili bilgileri yalıtan bir nesne.</param>
    </member>
    <member name="M:Microsoft.Owin.Host.SystemWeb.OwinRouteHandler.System#Web#Routing#IRouteHandler#GetHttpHandler(System.Web.Routing.RequestContext)">
      <summary>İsteği işleyen nesneyi sağlar.</summary>
      <returns>İsteği işleyen bir nesne.</returns>
      <param name="requestContext">İstekle ilgili bilgileri yalıtan bir nesne.</param>
    </member>
    <member name="T:Microsoft.Owin.Host.SystemWeb.PreApplicationStart">
      <summary>Uygulama başlangıcında OWIN istek işleme modülünü kaydeder.</summary>
    </member>
    <member name="M:Microsoft.Owin.Host.SystemWeb.PreApplicationStart.Initialize">
      <summary>OWIN istek işleme modülünü kaydeder.</summary>
    </member>
    <member name="T:System.Web.HttpContextBaseExtensions">
      <summary>
        <see cref="T:System.Web.HttpContextBase" /> öğesi için genişletme yöntemleri sağlar.</summary>
    </member>
    <member name="M:System.Web.HttpContextBaseExtensions.GetOwinContext(System.Web.HttpContextBase)">
      <summary>Geçerli istek için <see cref="T:Microsoft.Owin.IOwinContext" /> öğesini alır.</summary>
    </member>
    <member name="M:System.Web.HttpContextBaseExtensions.GetOwinContext(System.Web.HttpRequestBase)">
      <summary>Geçerli istek için <see cref="T:Microsoft.Owin.IOwinContext" /> öğesini alır.</summary>
    </member>
    <member name="T:System.Web.HttpContextExtensions">
      <summary>
        <see cref="T:System.Web.HttpContext" /> öğesi için genişletme yöntemleri sağlar.</summary>
    </member>
    <member name="M:System.Web.HttpContextExtensions.GetOwinContext(System.Web.HttpContext)">
      <summary>Geçerli istek için <see cref="T:Microsoft.Owin.IOwinContext" /> öğesini alır.</summary>
    </member>
    <member name="M:System.Web.HttpContextExtensions.GetOwinContext(System.Web.HttpRequest)">
      <summary>Geçerli istek için <see cref="T:Microsoft.Owin.IOwinContext" /> öğesini alır.</summary>
    </member>
    <member name="T:System.Web.Routing.RouteCollectionExtensions">
      <summary>OWIN uygulamalarını System.Web rotaları olarak kaydetmek için uzantı yöntemleri sağlar.</summary>
    </member>
    <member name="M:System.Web.Routing.RouteCollectionExtensions.MapOwinPath(System.Web.Routing.RouteCollection,System.String)">
      <summary>Varsayılan OWIN uygulaması için bir rota kaydeder.</summary>
      <returns>Oluşturulan yönlendirme.</returns>
      <param name="routes">Rota koleksiyonu.</param>
      <param name="pathBase">Varsayılan OWIN uygulamasına eşlenen rota yolu.</param>
    </member>
    <member name="M:System.Web.Routing.RouteCollectionExtensions.MapOwinPath(System.Web.Routing.RouteCollection,System.String,System.Action{Owin.IAppBuilder})">
      <summary>OWIN uygulamasını oluşturmak üzere System.Action başlangıç temsilcisini çağırır ve ardından belirtilen yolda bir rota kaydeder.</summary>
      <returns>Oluşturulan yönlendirme.</returns>
      <param name="routes">Rota koleksiyonu.</param>
      <param name="pathBase">Belirtilen OWIN uygulamasına eşlenen rota yolu.</param>
      <param name="startup">OWIN uygulamasını oluşturmak için çağrılan bir System.Action temsilcisi.</param>
    </member>
    <member name="M:System.Web.Routing.RouteCollectionExtensions.MapOwinPath(System.Web.Routing.RouteCollection,System.String,System.String)">
      <summary> Varsayılan OWIN uygulaması için bir rota kaydeder. </summary>
      <returns>Oluşturulan yönlendirme.</returns>
      <param name="routes">Rota koleksiyonu.</param>
      <param name="name">Rotanın belirtilen adı.</param>
      <param name="pathBase">Varsayılan OWIN uygulamasına eşlenen rota yolu.</param>
    </member>
    <member name="M:System.Web.Routing.RouteCollectionExtensions.MapOwinPath(System.Web.Routing.RouteCollection,System.String,System.String,System.Action{Owin.IAppBuilder})">
      <summary> OWIN uygulamasını oluşturmak üzere System.Action başlangıç temsilcisini çağırır ve ardından belirtilen yolda bir rota kaydeder. </summary>
      <returns>Oluşturulan yönlendirme.</returns>
      <param name="routes">Rota koleksiyonu.</param>
      <param name="name">Rotanın belirtilen adı.</param>
      <param name="pathBase">Belirtilen OWIN uygulamasına eşlenen rota yolu.</param>
      <param name="startup">OWIN uygulamasını oluşturmak için çağrılan bir System.Action temsilcisi.</param>
    </member>
    <member name="M:System.Web.Routing.RouteCollectionExtensions.MapOwinPath``1(System.Web.Routing.RouteCollection,System.String,System.String,``0)">
      <summary> Belirli bir OWIN uygulaması giriş noktası için bir rota kaydeder. </summary>
      <returns>Oluşturulan yönlendirme.</returns>
      <param name="routes">Rota koleksiyonu.</param>
      <param name="name">Rotanın belirtilen adı.</param>
      <param name="pathBase">Belirtilen OWIN uygulamasına eşlenen rota yolu.</param>
      <param name="app">OWIN uygulaması giriş noktası.</param>
      <typeparam name="TApp">OWIN uygulaması giriş noktası türü.</typeparam>
    </member>
    <member name="M:System.Web.Routing.RouteCollectionExtensions.MapOwinPath``1(System.Web.Routing.RouteCollection,System.String,``0)">
      <summary> Belirli bir OWIN uygulaması giriş noktası için bir rota kaydeder. </summary>
      <returns>Oluşturulan yönlendirme.</returns>
      <param name="routes">Rota koleksiyonu.</param>
      <param name="pathBase">Belirtilen OWIN uygulamasına eşlenen rota yolu.</param>
      <param name="app">OWIN uygulaması giriş noktası.</param>
      <typeparam name="TApp">OWIN uygulaması giriş noktası türü.</typeparam>
    </member>
    <member name="M:System.Web.Routing.RouteCollectionExtensions.MapOwinRoute(System.Web.Routing.RouteCollection,System.String,System.Action{Owin.IAppBuilder})">
      <summary>Bir OWIN ardışık düzeni için rota tanımlama yolunu sağlar.</summary>
      <returns>Oluşturulan yönlendirme.</returns>
      <param name="routes">Rota koleksiyonu.</param>
      <param name="routeUrl">Rota için URL deseni.</param>
      <param name="startup">Rota için istekleri işleyen ardışık düzeni başlatan yöntem.</param>
    </member>
    <member name="M:System.Web.Routing.RouteCollectionExtensions.MapOwinRoute(System.Web.Routing.RouteCollection,System.String,System.String,System.Action{Owin.IAppBuilder})">
      <summary> Bir OWIN ardışık düzeni için rota tanımlama yolunu sağlar. </summary>
      <returns>Oluşturulan yönlendirme.</returns>
      <param name="routes">Rota koleksiyonu.</param>
      <param name="routeName">Rotanın adı.</param>
      <param name="routeUrl">Rota için URL deseni.</param>
      <param name="startup">Rota için istekleri işleyen ardışık düzeni başlatan yöntem.</param>
    </member>
    <member name="M:System.Web.Routing.RouteCollectionExtensions.MapOwinRoute(System.Web.Routing.RouteCollection,System.String,System.String,System.Web.Routing.RouteValueDictionary,System.Action{Owin.IAppBuilder})">
      <summary> Bir OWIN ardışık düzeni için rota tanımlama yolunu sağlar. </summary>
      <returns>Oluşturulan yönlendirme.</returns>
      <param name="routes">Rota koleksiyonu.</param>
      <param name="routeName">Rotanın adı.</param>
      <param name="routeUrl">Rota için URL deseni.</param>
      <param name="defaults">URL tüm parametreleri içermiyorsa kullanılacak değerler.</param>
      <param name="startup">Rota için istekleri işleyen ardışık düzeni başlatan yöntem.</param>
    </member>
    <member name="M:System.Web.Routing.RouteCollectionExtensions.MapOwinRoute(System.Web.Routing.RouteCollection,System.String,System.String,System.Web.Routing.RouteValueDictionary,System.Web.Routing.RouteValueDictionary,System.Action{Owin.IAppBuilder})">
      <summary> Bir OWIN ardışık düzeni için rota tanımlama yolunu sağlar. </summary>
      <returns>Oluşturulan yönlendirme.</returns>
      <param name="routes">Rota koleksiyonu.</param>
      <param name="routeName">Rotanın adı.</param>
      <param name="routeUrl">Rota için URL deseni.</param>
      <param name="defaults">URL tüm parametreleri içermiyorsa kullanılacak değerler.</param>
      <param name="constraints">Bir URL parametresi için geçerli değerleri belirten bir normal ifade.</param>
      <param name="startup">Rota için istekleri işleyen ardışık düzeni başlatan yöntem.</param>
    </member>
    <member name="M:System.Web.Routing.RouteCollectionExtensions.MapOwinRoute(System.Web.Routing.RouteCollection,System.String,System.String,System.Web.Routing.RouteValueDictionary,System.Web.Routing.RouteValueDictionary,System.Web.Routing.RouteValueDictionary,System.Action{Owin.IAppBuilder})">
      <summary> Bir OWIN ardışık düzeni için rota tanımlama yolunu sağlar. </summary>
      <returns>Oluşturulan yönlendirme.</returns>
      <param name="routes">Rota koleksiyonu.</param>
      <param name="routeName">Rotanın adı.</param>
      <param name="routeUrl">Rota için URL deseni.</param>
      <param name="defaults">URL tüm parametreleri içermiyorsa kullanılacak değerler.</param>
      <param name="constraints">Bir URL parametresi için geçerli değerleri belirten bir normal ifade.</param>
      <param name="dataTokens">Rota işleyiciye geçirilen, ancak rotanın belirli bir URL örneği ile eşleşip eşlemedğini belirlemek için kullanılmayan özel değerler.Bu değerler rota işleyiciye geçirilir ve burada isteği işleme almak için kullanılabilir.</param>
      <param name="startup">Rota için istekleri işleyen ardışık düzeni başlatan yöntem.</param>
    </member>
    <member name="M:System.Web.Routing.RouteCollectionExtensions.MapOwinRoute(System.Web.Routing.RouteCollection,System.String,System.Web.Routing.RouteValueDictionary,System.Action{Owin.IAppBuilder})">
      <summary> Bir OWIN ardışık düzeni için rota tanımlama yolunu sağlar. </summary>
      <returns>Oluşturulan yönlendirme.</returns>
      <param name="routes">Rota koleksiyonu.</param>
      <param name="routeUrl">Rota için URL deseni.</param>
      <param name="defaults">URL tüm parametreleri içermiyorsa kullanılacak değerler.</param>
      <param name="startup">Rota için istekleri işleyen ardışık düzeni başlatan yöntem.</param>
    </member>
    <member name="M:System.Web.Routing.RouteCollectionExtensions.MapOwinRoute(System.Web.Routing.RouteCollection,System.String,System.Web.Routing.RouteValueDictionary,System.Web.Routing.RouteValueDictionary,System.Action{Owin.IAppBuilder})">
      <summary> Bir OWIN ardışık düzeni için rota tanımlama yolunu sağlar. </summary>
      <returns>Oluşturulan yönlendirme.</returns>
      <param name="routes">Rota koleksiyonu.</param>
      <param name="routeUrl">Rota için URL deseni.</param>
      <param name="defaults">URL tüm parametreleri içermiyorsa kullanılacak değerler.</param>
      <param name="constraints">Bir URL parametresi için geçerli değerleri belirten bir normal ifade.</param>
      <param name="startup">Rota için istekleri işleyen ardışık düzeni başlatan yöntem.</param>
    </member>
    <member name="M:System.Web.Routing.RouteCollectionExtensions.MapOwinRoute(System.Web.Routing.RouteCollection,System.String,System.Web.Routing.RouteValueDictionary,System.Web.Routing.RouteValueDictionary,System.Web.Routing.RouteValueDictionary,System.Action{Owin.IAppBuilder})">
      <summary> Bir OWIN ardışık düzeni için rota tanımlama yolunu sağlar. </summary>
      <returns>Oluşturulan yönlendirme.</returns>
      <param name="routes">Rota koleksiyonu.</param>
      <param name="routeUrl">Rota için URL deseni.</param>
      <param name="defaults">URL tüm parametreleri içermiyorsa kullanılacak değerler.</param>
      <param name="constraints">Bir URL parametresi için geçerli değerleri belirten bir normal ifade.</param>
      <param name="dataTokens">Rota işleyiciye geçirilen, ancak rotanın belirli bir URL örneği ile eşleşip eşlemedğini belirlemek için kullanılmayan özel değerler.Bu değerler rota işleyiciye geçirilir ve burada isteği işleme almak için kullanılabilir.</param>
      <param name="startup">Rota için istekleri işleyen ardışık düzeni başlatan yöntem.</param>
    </member>
  </members>
</doc>